fold,model,auc,rmse,acc,sec
0,skill_mean,0.6162944908019556,0.48577349290279287,0.5921327547412407,0.05774712562561035
0,ts_paper,0.5949679152482863,0.5225735565920312,0.5453431372549019,0.021372318267822266
0,ts_fitted,0.6272770685082832,0.4839758301223827,0.6219664095146256,0.18976473808288574
0,pfa,0.6724125099250724,0.4734005751241509,0.635788331726133,1.097107172012329
0,pfa_sr,0.6724911939831802,0.4733776909875604,0.6356477017036323,1.2487940788269043
0,bkt,0.6720100820071407,0.4739763928466997,0.6371142719382835,15.839690208435059
0,dkt,0.7261343120770205,0.4566381053293917,0.6739191578270652,35.62139630317688
1,skill_mean,0.6128392907650037,0.4830021479878467,0.6067180970748955,0.059284210205078125
1,ts_paper,0.5853180008373213,0.5279500628628351,0.5297332047573128,0.0300445556640625
1,ts_fitted,0.6163169505319278,0.4831281995651486,0.6257835101253616,0.2160656452178955
1,pfa,0.6587673511666252,0.47389617866475064,0.6353865316618451,0.9790396690368652
1,pfa_sr,0.6605401791951447,0.4734740597323859,0.6367928318868531,0.9652540683746338
1,bkt,0.6599018278657733,0.4739284806161044,0.6407907425265188,14.388169527053833
1,dkt,0.717681961659809,0.45754355731458435,0.6733164577306332,32.35834455490112
2,skill_mean,0.6162964476645488,0.48354454944700326,0.6045642653381011,0.08590936660766602
2,ts_paper,0.5819986221674349,0.5272222435823497,0.5295512073606814,0.029335498809814453
2,ts_fitted,0.6153850417264611,0.4832462070641384,0.6237695367431395,0.16691803932189941
2,pfa,0.6586509937647547,0.4741316539175108,0.6344368998352686,0.9445910453796387
2,pfa_sr,0.6601763793320421,0.4738247480931374,0.6345976134035116,1.0759637355804443
2,bkt,0.6595664856537248,0.47411017590589916,0.6370484953192174,15.988832950592041
2,dkt,0.7164997722844935,0.45762362674449525,0.6724255695287075,32.71608519554138
3,skill_mean,0.6222882678832692,0.48296620298318116,0.6065171970427515,0.05758547782897949
3,ts_paper,0.5863767672257423,0.5261879042394184,0.5320636451301832,0.03145456314086914
3,ts_fitted,0.617750808489782,0.4838419457409359,0.6213034394085503,0.22243261337280273
3,pfa,0.6639645210130681,0.47404510317959453,0.6352258116361299,0.7056884765625
3,pfa_sr,0.6652074558744481,0.47378518338935405,0.6357280617164899,1.3427913188934326
3,bkt,0.6638789801173864,0.47475406978581375,0.6356878817100611,16.60973286628723
3,dkt,0.7186727676181466,0.45717627626824797,0.6717896174863388,33.18736529350281
4,skill_mean,0.6118275522042131,0.48533138596566544,0.5974284279256655,0.07601118087768555
4,ts_paper,0.5783661609465311,0.5271517592665989,0.5286790557508789,0.025008440017700195
4,ts_fitted,0.6199217907538961,0.4842297042749718,0.6212355600200904,0.1781752109527588
4,pfa,0.6599090064093152,0.4755548118198574,0.6332496233048719,0.7571890354156494
4,pfa_sr,0.6620447157495936,0.47507497801773163,0.6329683576092416,1.2130796909332275
4,bkt,0.6607744511333202,0.47550591027668365,0.6354595680562531,16.33495044708252
4,dkt,0.7182509737495417,0.45844717767133597,0.6707985936715218,32.40169978141785
