fold,wa,wv,wr,alpha,auc
0,0.0,0.0,1.0,0.8,0.4791486125682778
0,0.0,0.0,1.0,0.9,0.4791486125682778
0,0.0,0.0,1.0,0.95,0.4791486125682778
0,0.0,0.0,1.0,0.99,0.4791486125682778
0,0.0,0.0,1.0,1.0,0.5
0,0.0,0.1,0.9,0.8,0.48111269893952285
0,0.0,0.1,0.9,0.9,0.4810430781164934
0,0.0,0.1,0.9,0.95,0.480978197030946
0,0.0,0.1,0.9,0.99,0.4801412751864301
0,0.0,0.1,0.9,1.0,0.47419513876691993
0,0.0,0.2,0.8,0.8,0.4810847716146864
0,0.0,0.2,0.8,0.9,0.4808902608351789
0,0.0,0.2,0.8,0.95,0.4806351057851509
0,0.0,0.2,0.8,0.99,0.47935959794256006
0,0.0,0.2,0.8,1.0,0.4741951338603594
0,0.0,0.3,0.7,0.8,0.4810277835495286
0,0.0,0.3,0.7,0.9,0.4807201528345197
0,0.0,0.3,0.7,0.95,0.48023339913161855
0,0.0,0.3,0.7,0.99,0.47760770968381094
0,0.0,0.3,0.7,1.0,0.47419515675764196
0,0.0,0.4,0.6,0.8,0.48084500844507383
0,0.0,0.4,0.6,0.9,0.48039933655581835
0,0.0,0.4,0.6,0.95,0.4800237671502854
0,0.0,0.4,0.6,0.99,0.475899114461991
0,0.0,0.4,0.6,1.0,0.47420285433336984
0,0.0,0.5,0.5,0.8,0.48059508460634215
0,0.0,0.5,0.5,0.9,0.4802125102678775
0,0.0,0.5,0.5,0.95,0.47931500875588817
0,0.0,0.5,0.5,0.99,0.4744701702936976
0,0.0,0.5,0.5,1.0,0.4742028633287309
0,0.0,0.6,0.4,0.8,0.48005951062606295
0,0.0,0.6,0.4,0.9,0.4794099866837909
0,0.0,0.6,0.4,0.95,0.4778326673069925
0,0.0,0.6,0.4,0.99,0.47339375268711875
0,0.0,0.6,0.4,1.0,0.47420285515113003
0,0.0,0.7,0.3,0.8,0.4775457316465834
0,0.0,0.7,0.3,0.9,0.4767627852390536
0,0.0,0.7,0.3,0.95,0.4754878212069227
0,0.0,0.7,0.3,0.99,0.4725561071249232
0,0.0,0.7,0.3,1.0,0.4742028576044102
0,0.0,0.8,0.2,0.8,0.47417494172821506
0,0.0,0.8,0.2,0.9,0.4738523255595554
0,0.0,0.8,0.2,0.95,0.47336432068371653
0,0.0,0.8,0.2,0.99,0.4720251657555543
0,0.0,0.8,0.2,1.0,0.4742028477912892
0,0.0,0.9,0.1,0.8,0.47260666677801294
0,0.0,0.9,0.1,0.9,0.47249726437988104
0,0.0,0.9,0.1,0.95,0.4722757781482819
0,0.0,0.9,0.1,0.99,0.4716118550863438
0,0.0,0.9,0.1,1.0,0.4742028559688901
0,0.0,1.0,0.0,0.95,0.47420284942680935
0,0.1,0.0,0.9,0.8,0.5826647596697628
0,0.1,0.0,0.9,0.9,0.5806547732424214
0,0.1,0.0,0.9,0.95,0.5791924333875691
0,0.1,0.0,0.9,0.99,0.5804567002999617
0,0.1,0.0,0.9,1.0,0.6262487139332391
0,0.1,0.1,0.8,0.8,0.546364799786456
0,0.1,0.1,0.8,0.9,0.5443871116116326
0,0.1,0.1,0.8,0.95,0.5432180360625265
0,0.1,0.1,0.8,0.99,0.5455081895500113
0,0.1,0.1,0.8,1.0,0.5772283478340843
0,0.1,0.2,0.7,0.8,0.5231739413917362
0,0.1,0.2,0.7,0.9,0.522196929883948
0,0.1,0.2,0.7,0.95,0.521340607499055
0,0.1,0.2,0.7,0.99,0.5244413558627155
0,0.1,0.2,0.7,1.0,0.5388646820453582
0,0.1,0.3,0.6,0.8,0.5140143512774299
0,0.1,0.3,0.6,0.9,0.5135671665320077
0,0.1,0.3,0.6,0.95,0.5129424468887882
0,0.1,0.3,0.6,0.99,0.5153632653545072
0,0.1,0.3,0.6,1.0,0.523491456372954
0,0.1,0.4,0.5,0.8,0.5093956365643093
0,0.1,0.4,0.5,0.9,0.5091052589516811
0,0.1,0.4,0.5,0.95,0.5093090586680519
0,0.1,0.4,0.5,0.99,0.5096817871750319
0,0.1,0.4,0.5,1.0,0.5156844071017244
0,0.1,0.5,0.4,0.8,0.5084264788244264
0,0.1,0.5,0.4,0.9,0.5081680797201209
0,0.1,0.5,0.4,0.95,0.5076195148030507
0,0.1,0.5,0.4,0.99,0.5062153414056461
0,0.1,0.5,0.4,1.0,0.5111115531922158
0,0.1,0.6,0.3,0.8,0.5066707331913323
0,0.1,0.6,0.3,0.9,0.5059938183748429
0,0.1,0.6,0.3,0.95,0.5046966186281026
0,0.1,0.6,0.3,0.99,0.5033088944749099
0,0.1,0.6,0.3,1.0,0.5079683549022791
0,0.1,0.7,0.2,0.8,0.5019210345735424
0,0.1,0.7,0.2,0.9,0.5014030465240005
0,0.1,0.7,0.2,0.95,0.5008211251728556
0,0.1,0.7,0.2,0.99,0.5015433398095354
0,0.1,0.7,0.2,1.0,0.5057765943088333
0,0.1,0.8,0.1,0.8,0.49893981002464877
0,0.1,0.8,0.1,0.9,0.49914480939507166
0,0.1,0.8,0.1,0.95,0.4995639523292448
0,0.1,0.8,0.1,0.99,0.5017247983202449
0,0.1,0.8,0.1,1.0,0.5039249900202194
0,0.1,0.9,0.0,0.95,0.5026224960946558
0,0.2,0.0,0.8,0.8,0.5836144563550221
0,0.2,0.0,0.8,0.9,0.5821877127791311
0,0.2,0.0,0.8,0.95,0.5808669165649913
0,0.2,0.0,0.8,0.99,0.5897061622481683
0,0.2,0.0,0.8,1.0,0.6262487139332391
0,0.2,0.1,0.7,0.8,0.5679524624218467
0,0.2,0.1,0.7,0.9,0.5667513903736958
0,0.2,0.1,0.7,0.95,0.5655405092932645
0,0.2,0.1,0.7,0.99,0.5747585218239266
0,0.2,0.1,0.7,1.0,0.6067784897655067
0,0.2,0.2,0.6,0.8,0.5469336083545564
0,0.2,0.2,0.6,0.9,0.5462013140070063
0,0.2,0.2,0.6,0.95,0.5455881689401019
0,0.2,0.2,0.6,0.99,0.5551018156452513
0,0.2,0.2,0.6,1.0,0.5772283486518444
0,0.2,0.3,0.5,0.8,0.532786420945853
0,0.2,0.3,0.5,0.9,0.5327551718795307
0,0.2,0.3,0.5,0.95,0.53350488942356
0,0.2,0.3,0.5,0.99,0.5415404486678024
0,0.2,0.3,0.5,1.0,0.5539708583472243
0,0.2,0.4,0.4,0.8,0.5260221572619775
0,0.2,0.4,0.4,0.9,0.5264902823900265
0,0.2,0.4,0.4,0.95,0.5276684293518119
0,0.2,0.4,0.4,0.99,0.5324959280290522
0,0.2,0.4,0.4,1.0,0.5388665342719623
0,0.2,0.5,0.3,0.8,0.5243874360334155
0,0.2,0.5,0.3,0.9,0.5243959620001148
0,0.2,0.5,0.3,0.95,0.5245160688778259
0,0.2,0.5,0.3,0.99,0.5261462458135672
0,0.2,0.5,0.3,1.0,0.5296965070856263
0,0.2,0.6,0.2,0.8,0.5202529604109191
0,0.2,0.6,0.2,0.9,0.5201866457919337
0,0.2,0.6,0.2,0.95,0.5201177642240258
0,0.2,0.6,0.2,0.99,0.5213786284366834
0,0.2,0.6,0.2,1.0,0.5234914809057567
0,0.2,0.7,0.1,0.8,0.5177319581565638
0,0.2,0.7,0.1,0.9,0.5177914420255166
0,0.2,0.7,0.1,0.95,0.5179401549689389
0,0.2,0.7,0.1,0.99,0.5184428165588725
0,0.2,0.7,0.1,1.0,0.51908295016203
0,0.2,0.8,0.0,0.95,0.51568445862061
0,0.3,0.0,0.7,0.8,0.5838983744806986
0,0.3,0.0,0.7,0.9,0.5834601687410657
0,0.3,0.0,0.7,0.95,0.5828902856362069
0,0.3,0.0,0.7,0.99,0.5985535920743268
0,0.3,0.0,0.7,1.0,0.6262487139332391
0,0.3,0.1,0.6,0.8,0.5748975083288375
0,0.3,0.1,0.6,0.9,0.574598868068259
0,0.3,0.1,0.6,0.95,0.5749203990692792
0,0.3,0.1,0.6,0.99,0.5911459793546194
0,0.3,0.1,0.6,1.0,0.6153593289845375
0,0.3,0.2,0.5,0.8,0.561031926420276
0,0.3,0.2,0.5,0.9,0.5613013415707551
0,0.3,0.2,0.5,0.95,0.563286724050266
0,0.3,0.2,0.5,0.99,0.5785565930248846
0,0.3,0.2,0.5,1.0,0.596764025519427
0,0.3,0.3,0.4,0.8,0.5508367486429288
0,0.3,0.3,0.4,0.9,0.5519043565200571
0,0.3,0.3,0.4,0.95,0.5543897289672873
0,0.3,0.3,0.4,0.99,0.5660030793770215
0,0.3,0.3,0.4,1.0,0.5772284704980978
0,0.3,0.4,0.3,0.8,0.547082488121037
0,0.3,0.4,0.3,0.9,0.5480476641870414
0,0.3,0.4,0.3,0.95,0.5497199402299805
0,0.3,0.4,0.3,0.99,0.5557111990157413
0,0.3,0.4,0.3,1.0,0.5610591480181548
0,0.3,0.5,0.2,0.8,0.5424433048728616
0,0.3,0.5,0.2,0.9,0.542908710948611
0,0.3,0.5,0.2,0.95,0.5436657695249691
0,0.3,0.5,0.2,0.99,0.5462587207653302
0,0.3,0.5,0.2,1.0,0.5480840422446489
0,0.3,0.6,0.1,0.8,0.5384852863403637
0,0.3,0.6,0.1,0.9,0.5383703632438637
0,0.3,0.6,0.1,0.95,0.5383502340792463
0,0.3,0.6,0.1,0.99,0.538648876793105
0,0.3,0.6,0.1,1.0,0.5388665988750094
0,0.3,0.7,-0.0,0.95,0.5321676946663338
0,0.4,0.0,0.6,0.8,0.5844235171132688
0,0.4,0.0,0.6,0.9,0.5847974559051821
0,0.4,0.0,0.6,0.95,0.5875241248221935
0,0.4,0.0,0.6,0.99,0.6076891596682267
0,0.4,0.0,0.6,1.0,0.6262487139332391
0,0.4,0.1,0.5,0.8,0.5781618675892415
0,0.4,0.1,0.5,0.9,0.5796408472264067
0,0.4,0.1,0.5,0.95,0.5834902157000557
0,0.4,0.1,0.5,0.99,0.6036965588792793
0,0.4,0.1,0.5,1.0,0.6188323331898459
0,0.4,0.2,0.4,0.8,0.5751528670011279
0,0.4,0.2,0.4,0.9,0.5771259847148078
0,0.4,0.2,0.4,0.95,0.581101307050812
0,0.4,0.2,0.4,0.99,0.5963140505765774
0,0.4,0.2,0.4,1.0,0.6067795643022651
0,0.4,0.3,0.3,0.8,0.5712967634553772
0,0.4,0.3,0.3,0.9,0.5725764655894698
0,0.4,0.3,0.3,0.95,0.5757171329119278
0,0.4,0.3,0.3,0.99,0.5850604761717565
0,0.4,0.3,0.3,1.0,0.591816286669581
0,0.4,0.4,0.2,0.8,0.5692300432862658
0,0.4,0.4,0.2,0.9,0.5699552754576779
0,0.4,0.4,0.2,0.95,0.5712895041990574
0,0.4,0.4,0.2,0.99,0.574658598082999
0,0.4,0.4,0.2,1.0,0.5772293340527529
0,0.4,0.5,0.1,0.8,0.5627836535802875
0,0.4,0.5,0.1,0.9,0.562843289552617
0,0.4,0.5,0.1,0.95,0.5630175190641302
0,0.4,0.5,0.1,0.99,0.564047604019525
0,0.4,0.5,0.1,1.0,0.564488224604704
0,0.4,0.6,-0.0,0.95,0.5538199431758793
0,0.5,0.0,0.5,0.8,0.5923775342278883
0,0.5,0.0,0.5,0.9,0.5937836906935113
0,0.5,0.0,0.5,0.95,0.5986977141126033
0,0.5,0.0,0.5,0.99,0.6162246123844977
0,0.5,0.0,0.5,1.0,0.6262487139332391
0,0.5,0.1,0.4,0.8,0.5908311613461789
0,0.5,0.1,0.4,0.9,0.5927982088267101
0,0.5,0.1,0.4,0.95,0.5980792486985528
0,0.5,0.1,0.4,0.99,0.6126005319091066
0,0.5,0.1,0.4,1.0,0.6205931644729401
0,0.5,0.2,0.3,0.8,0.591542070449613
0,0.5,0.2,0.3,0.9,0.5940093916606148
0,0.5,0.2,0.3,0.95,0.5985220265348495
0,0.5,0.2,0.3,0.99,0.6074824184688121
0,0.5,0.2,0.3,1.0,0.6120319146968674
0,0.5,0.3,0.2,0.8,0.592327204365384
0,0.5,0.3,0.2,0.9,0.593376981801508
0,0.5,0.3,0.2,0.95,0.5949679217903671
0,0.5,0.3,0.2,0.99,0.5990128919354836
0,0.5,0.3,0.2,1.0,0.6008800312125289
0,0.5,0.4,0.1,0.8,0.5872448891907929
0,0.5,0.4,0.1,0.9,0.5874452698522268
0,0.5,0.4,0.1,0.95,0.587728130614107
0,0.5,0.4,0.1,0.99,0.5887489707916833
0,0.5,0.4,0.1,1.0,0.5891763289437215
0,0.5,0.5,0.0,0.95,0.5772294689831677
0,0.6,0.0,0.4,0.8,0.6015960439566852
0,0.6,0.0,0.4,0.9,0.604851778301419
0,0.6,0.0,0.4,0.95,0.6100232219659886
0,0.6,0.0,0.4,0.99,0.6222761711637812
0,0.6,0.0,0.4,1.0,0.6262487139332391
0,0.6,0.1,0.3,0.8,0.6095726263432306
0,0.6,0.1,0.3,0.9,0.6112734961854795
0,0.6,0.1,0.3,0.95,0.6136328975973928
0,0.6,0.1,0.3,0.99,0.619433802278184
0,0.6,0.1,0.3,1.0,0.6218002683195154
0,0.6,0.2,0.2,0.8,0.6103978550362184
0,0.6,0.2,0.2,0.9,0.6110234047059293
0,0.6,0.2,0.2,0.95,0.6116636961367843
0,0.6,0.2,0.2,0.99,0.614162617233187
0,0.6,0.2,0.2,1.0,0.6153604157876972
0,0.6,0.3,0.1,0.8,0.6058777875405248
0,0.6,0.3,0.1,0.9,0.6059974610053882
0,0.6,0.3,0.1,0.95,0.6062078404194436
0,0.6,0.3,0.1,0.99,0.6069226764068305
0,0.6,0.3,0.1,1.0,0.6067795945593885
0,0.6,0.4,-0.0,0.95,0.5966294058533972
0,0.7,0.0,0.3,0.8,0.6182563896649595
0,0.7,0.0,0.3,0.9,0.6195215381227291
0,0.7,0.0,0.3,0.95,0.6212975184114922
0,0.7,0.0,0.3,0.99,0.6259679212866268
0,0.7,0.0,0.3,1.0,0.6262487139332391
0,0.7,0.1,0.2,0.8,0.6183576774297175
0,0.7,0.1,0.2,0.9,0.6188469105812118
0,0.7,0.1,0.2,0.95,0.6195092251090527
0,0.7,0.1,0.2,0.99,0.6221374831413032
0,0.7,0.1,0.2,1.0,0.6223927592198246
0,0.7,0.2,0.1,0.8,0.6164239250512542
0,0.7,0.2,0.1,0.9,0.6165542604721719
0,0.7,0.2,0.1,0.95,0.6165426654518547
0,0.7,0.2,0.1,0.99,0.6172313625557219
0,0.7,0.2,0.1,1.0,0.6173020979857542
0,0.7,0.3,-0.0,0.95,0.6105787541990264
0,0.8,0.0,0.2,0.8,0.6237808350098559
0,0.8,0.0,0.2,0.9,0.6244589175877541
0,0.8,0.0,0.2,0.95,0.6253910700480405
0,0.8,0.0,0.2,0.99,0.627284464330538
0,0.8,0.0,0.2,1.0,0.6262487139332391
0,0.8,0.1,0.1,0.8,0.6229896668423804
0,0.8,0.1,0.1,0.9,0.6230975948190698
0,0.8,0.1,0.1,0.95,0.6232756915180491
0,0.8,0.1,0.1,0.99,0.6233673411623852
0,0.8,0.1,0.1,1.0,0.6232258441339978
0,0.8,0.2,-0.0,0.95,0.6187411194116377
0,0.9,0.0,0.1,0.8,0.6268566515038899
0,0.9,0.0,0.1,0.9,0.627051676654494
0,0.9,0.0,0.1,0.95,0.6273490313962109
0,0.9,0.0,0.1,0.99,0.6276778854388375
0,0.9,0.0,0.1,1.0,0.6262487139332391
0,0.9,0.1,-0.0,0.95,0.6234436512629518
0,1.0,0.0,0.0,0.95,0.6262487139332391
1,0.0,0.0,1.0,0.8,0.4874382819325153
1,0.0,0.0,1.0,0.9,0.4874382819325153
1,0.0,0.0,1.0,0.95,0.4874382819325153
1,0.0,0.0,1.0,0.99,0.4874382819325153
1,0.0,0.0,1.0,1.0,0.5
1,0.0,0.1,0.9,0.8,0.4868248244070106
1,0.0,0.1,0.9,0.9,0.4869122158230974
1,0.0,0.1,0.9,0.95,0.48693967529054394
1,0.0,0.1,0.9,0.99,0.4863857616787815
1,0.0,0.1,0.9,1.0,0.47313177942472107
1,0.0,0.2,0.8,0.8,0.48665400714256907
1,0.0,0.2,0.8,0.9,0.48686201949630303
1,0.0,0.2,0.8,0.95,0.48654624596274926
1,0.0,0.2,0.8,0.99,0.4847726352455014
1,0.0,0.2,0.8,1.0,0.47313177694262154
1,0.0,0.3,0.7,0.8,0.4865691201649396
1,0.0,0.3,0.7,0.9,0.4864915934398757
1,0.0,0.3,0.7,0.95,0.48623650558586246
1,0.0,0.3,0.7,0.99,0.4823257616411859
1,0.0,0.3,0.7,1.0,0.47313179679941797
1,0.0,0.4,0.6,0.8,0.4863902608979196
1,0.0,0.4,0.6,0.9,0.48613966647147877
1,0.0,0.4,0.6,0.95,0.4857470115587471
1,0.0,0.4,0.6,0.99,0.47983901724425104
1,0.0,0.4,0.6,1.0,0.4731622438873698
1,0.0,0.5,0.5,0.8,0.4861382061695702
1,0.0,0.5,0.5,0.9,0.48568414328632575
1,0.0,0.5,0.5,0.95,0.4842405773477425
1,0.0,0.5,0.5,0.99,0.4776412562529383
1,0.0,0.5,0.5,1.0,0.47316224636946935
1,0.0,0.6,0.4,0.8,0.4842151060420446
1,0.0,0.6,0.4,0.9,0.48326133280989053
1,0.0,0.6,0.4,0.95,0.481381347579111
1,0.0,0.6,0.4,0.99,0.47579903203015117
1,0.0,0.6,0.4,1.0,0.47316224388736977
1,0.0,0.7,0.3,0.8,0.4801685002410483
1,0.0,0.7,0.3,0.9,0.4794331865196815
1,0.0,0.7,0.3,0.95,0.47805541276680286
1,0.0,0.7,0.3,0.99,0.4744476165198803
1,0.0,0.7,0.3,1.0,0.473162252161035
1,0.0,0.8,0.2,0.8,0.4766716943854749
1,0.0,0.8,0.2,0.9,0.47625688590679227
1,0.0,0.8,0.2,0.95,0.47549870046533477
1,0.0,0.8,0.2,0.99,0.4734994412496035
1,0.0,0.8,0.2,1.0,0.47316224554210284
1,0.0,0.9,0.1,0.8,0.4742497071387275
1,0.0,0.9,0.1,0.9,0.47406486187493224
1,0.0,0.9,0.1,0.95,0.47372814190318074
1,0.0,0.9,0.1,0.99,0.4727566787474534
1,0.0,0.9,0.1,1.0,0.4731622562978676
1,0.0,1.0,0.0,0.95,0.4731622546431346
1,0.1,0.0,0.9,0.8,0.5809514821880697
1,0.1,0.0,0.9,0.9,0.5787830174178789
1,0.1,0.0,0.9,0.95,0.5777671337810362
1,0.1,0.0,0.9,0.99,0.578986327847677
1,0.1,0.0,0.9,1.0,0.612365256908689
1,0.1,0.1,0.8,0.8,0.5466280240610364
1,0.1,0.1,0.8,0.9,0.5453507463825616
1,0.1,0.1,0.8,0.95,0.544659318663538
1,0.1,0.1,0.8,0.99,0.5464432549149609
1,0.1,0.1,0.8,1.0,0.5653441576327289
1,0.1,0.2,0.7,0.8,0.5267104666008285
1,0.1,0.2,0.7,0.9,0.5262319128412128
1,0.1,0.2,0.7,0.95,0.5256244148367548
1,0.1,0.2,0.7,0.99,0.527396054766951
1,0.1,0.2,0.7,1.0,0.5327244680781213
1,0.1,0.3,0.6,0.8,0.5187986096032815
1,0.1,0.3,0.6,0.9,0.518477054432483
1,0.1,0.3,0.6,0.95,0.5181224385228947
1,0.1,0.3,0.6,0.99,0.5181414820180955
1,0.1,0.3,0.6,1.0,0.519384084765699
1,0.1,0.4,0.5,0.8,0.514604313086823
1,0.1,0.4,0.5,0.9,0.5143391983779486
1,0.1,0.4,0.5,0.95,0.5143435337785156
1,0.1,0.4,0.5,0.99,0.5119866338011974
1,0.1,0.4,0.5,1.0,0.5126900848104958
1,0.1,0.5,0.4,0.8,0.5128285834839164
1,0.1,0.5,0.4,0.9,0.5122935967086751
1,0.1,0.5,0.4,0.95,0.5111483303227341
1,0.1,0.5,0.4,0.99,0.5076597493177404
1,0.1,0.5,0.4,1.0,0.5082719451093015
1,0.1,0.6,0.3,0.8,0.5089470778447053
1,0.1,0.6,0.3,0.9,0.5082242341915344
1,0.1,0.6,0.3,0.95,0.506700015737173
1,0.1,0.6,0.3,0.99,0.5042780913702813
1,0.1,0.6,0.3,1.0,0.5055042758566534
1,0.1,0.7,0.2,0.8,0.5038314334173947
1,0.1,0.7,0.2,0.9,0.5034218332109581
1,0.1,0.7,0.2,0.95,0.5024322391453021
1,0.1,0.7,0.2,0.99,0.5023031757596806
1,0.1,0.7,0.2,1.0,0.5034918383469847
1,0.1,0.8,0.1,0.8,0.5001958111796571
1,0.1,0.8,0.1,0.9,0.5000837203908357
1,0.1,0.8,0.1,0.95,0.5004078461894133
1,0.1,0.8,0.1,0.99,0.5021998219613151
1,0.1,0.8,0.1,1.0,0.5018452300453559
1,0.1,0.9,0.0,0.95,0.5007380051446577
1,0.2,0.0,0.8,0.8,0.5813568859915146
1,0.2,0.0,0.8,0.9,0.5804184049747576
1,0.2,0.0,0.8,0.95,0.5795336622408691
1,0.2,0.0,0.8,0.99,0.5869293906282751
1,0.2,0.0,0.8,1.0,0.612365256908689
1,0.2,0.1,0.7,0.8,0.5651512422358933
1,0.2,0.1,0.7,0.9,0.5644794818464268
1,0.2,0.1,0.7,0.95,0.56358433828801
1,0.2,0.1,0.7,0.99,0.5705072068521939
1,0.2,0.1,0.7,1.0,0.5920130532027386
1,0.2,0.2,0.6,0.8,0.5474271285684947
1,0.2,0.2,0.6,0.9,0.5471259448161622
1,0.2,0.2,0.6,0.95,0.5465859880502328
1,0.2,0.2,0.6,0.99,0.5533128840982882
1,0.2,0.2,0.6,1.0,0.565344145222231
1,0.2,0.3,0.5,0.8,0.535210434750527
1,0.2,0.3,0.5,0.9,0.5352770220354577
1,0.2,0.3,0.5,0.95,0.5357258783011891
1,0.2,0.3,0.5,0.99,0.540491147899695
1,0.2,0.3,0.5,1.0,0.5453962093454927
1,0.2,0.4,0.4,0.8,0.5289266993770765
1,0.2,0.4,0.4,0.9,0.5293163608777371
1,0.2,0.4,0.4,0.95,0.5296246268874845
1,0.2,0.4,0.4,0.99,0.5312108159215925
1,0.2,0.4,0.4,1.0,0.5327254377516832
1,0.2,0.5,0.3,0.8,0.5256250568731746
1,0.2,0.5,0.3,0.9,0.525326602602993
1,0.2,0.5,0.3,0.95,0.5247247488929373
1,0.2,0.5,0.3,0.99,0.5245231469750038
1,0.2,0.5,0.3,1.0,0.5247239802694399
1,0.2,0.6,0.2,0.8,0.5200355647470166
1,0.2,0.6,0.2,0.9,0.5196651163516933
1,0.2,0.6,0.2,0.95,0.5194555584772993
1,0.2,0.6,0.2,0.99,0.5200379541815277
1,0.2,0.6,0.2,1.0,0.5193840756646672
1,0.2,0.7,0.1,0.8,0.5170074611979002
1,0.2,0.7,0.1,0.9,0.5169391678832043
1,0.2,0.7,0.1,0.95,0.51676804697525
1,0.2,0.7,0.1,0.99,0.5166028136074549
1,0.2,0.7,0.1,1.0,0.5154148815847884
1,0.2,0.8,0.0,0.95,0.5126901675471479
1,0.3,0.0,0.7,0.8,0.5818817383542471
1,0.3,0.0,0.7,0.9,0.5818389883261363
1,0.3,0.0,0.7,0.95,0.5811182494933936
1,0.3,0.0,0.7,0.99,0.5930995922856928
1,0.3,0.0,0.7,1.0,0.612365256908689
1,0.3,0.1,0.6,0.8,0.5715646400083261
1,0.3,0.1,0.6,0.9,0.5715588898110091
1,0.3,0.1,0.6,0.95,0.5715223011813761
1,0.3,0.1,0.6,0.99,0.5841444227964178
1,0.3,0.1,0.6,1.0,0.5998719893555392
1,0.3,0.2,0.5,0.8,0.559974353656641
1,0.3,0.2,0.5,0.9,0.5603295056997346
1,0.3,0.2,0.5,0.95,0.5616553944707505
1,0.3,0.2,0.5,0.99,0.5725131627725415
1,0.3,0.2,0.5,1.0,0.5837388667575332
1,0.3,0.3,0.4,0.8,0.5506107472382572
1,0.3,0.3,0.4,0.9,0.5513351182100248
1,0.3,0.3,0.4,0.95,0.5530179527547505
1,0.3,0.3,0.4,0.99,0.5602297683204298
1,0.3,0.3,0.4,1.0,0.5653441667337606
1,0.3,0.4,0.3,0.8,0.5459280413721914
1,0.3,0.4,0.3,0.9,0.5462867006219653
1,0.3,0.4,0.3,0.95,0.5471442949782188
1,0.3,0.4,0.3,0.99,0.5501268048404939
1,0.3,0.4,0.3,1.0,0.5509456048079712
1,0.3,0.5,0.2,0.8,0.5397970337215796
1,0.3,0.5,0.2,0.9,0.5400773736291629
1,0.3,0.5,0.2,0.95,0.5404640814313457
1,0.3,0.5,0.2,0.99,0.5412596348816984
1,0.3,0.5,0.2,1.0,0.5403824981282321
1,0.3,0.6,0.1,0.8,0.5343212101721972
1,0.3,0.6,0.1,0.9,0.5343630227940404
1,0.3,0.6,0.1,0.95,0.5343972046144654
1,0.3,0.6,0.1,0.99,0.5337731667258973
1,0.3,0.6,0.1,1.0,0.5327254096212215
1,0.3,0.7,-0.0,0.95,0.5267337677241435
1,0.4,0.0,0.6,0.8,0.5825800952678792
1,0.4,0.0,0.6,0.9,0.5827556574793152
1,0.4,0.0,0.6,0.95,0.5849079472340317
1,0.4,0.0,0.6,0.99,0.600877305867183
1,0.4,0.0,0.6,1.0,0.612365256908689
1,0.4,0.1,0.5,0.8,0.5749831563069038
1,0.4,0.1,0.5,0.9,0.5762266799134445
1,0.4,0.1,0.5,0.95,0.5790756395814579
1,0.4,0.1,0.5,0.99,0.5945173650730017
1,0.4,0.1,0.5,1.0,0.6034042966811377
1,0.4,0.2,0.4,0.8,0.5713442924471391
1,0.4,0.2,0.4,0.9,0.5726030859301809
1,0.4,0.2,0.4,0.95,0.5755887819809262
1,0.4,0.2,0.4,0.99,0.5867500821012345
1,0.4,0.2,0.4,1.0,0.5920163287467928
1,0.4,0.3,0.3,0.8,0.5672729632797794
1,0.4,0.3,0.3,0.9,0.5681130720719902
1,0.4,0.3,0.3,0.95,0.5703003461926566
1,0.4,0.3,0.3,0.99,0.5763495314312306
1,0.4,0.3,0.3,1.0,0.5790122070450696
1,0.4,0.4,0.2,0.8,0.5636891209483563
1,0.4,0.4,0.2,0.9,0.5640623583962201
1,0.4,0.4,0.2,0.95,0.5643900096035411
1,0.4,0.4,0.2,0.99,0.5654846097185039
1,0.4,0.4,0.2,1.0,0.5653481637414208
1,0.4,0.5,0.1,0.8,0.5557489655337111
1,0.4,0.5,0.1,0.9,0.555787495165201
1,0.4,0.5,0.1,0.95,0.5555087140161422
1,0.4,0.5,0.1,0.99,0.5551705668371429
1,0.4,0.5,0.1,1.0,0.5544313049227407
1,0.4,0.6,-0.0,0.95,0.5450874469158331
1,0.5,0.0,0.5,0.8,0.588987761872425
1,0.5,0.0,0.5,0.9,0.5900809720116336
1,0.5,0.0,0.5,0.95,0.5944212672790203
1,0.5,0.0,0.5,0.99,0.6077222166483459
1,0.5,0.0,0.5,1.0,0.612365256908689
1,0.5,0.1,0.4,0.8,0.585820098966009
1,0.5,0.1,0.4,0.9,0.587449868704214
1,0.5,0.1,0.4,0.95,0.5918003083125077
1,0.5,0.1,0.4,0.99,0.6025686060261459
1,0.5,0.1,0.4,1.0,0.6055686254460928
1,0.5,0.2,0.3,0.8,0.5842651041318208
1,0.5,0.2,0.3,0.9,0.586104719667969
1,0.5,0.2,0.3,0.95,0.5891591607755302
1,0.5,0.2,0.3,0.99,0.595672428305911
1,0.5,0.2,0.3,1.0,0.5968536983733551
1,0.5,0.3,0.2,0.8,0.5840290382614788
1,0.5,0.3,0.2,0.9,0.5844713608137981
1,0.5,0.3,0.2,0.95,0.5853179991825883
1,0.5,0.3,0.2,0.99,0.5876981862179906
1,0.5,0.3,0.2,1.0,0.5876675761388342
1,0.5,0.4,0.1,0.8,0.5765316083266484
1,0.5,0.4,0.1,0.9,0.5764874128892267
1,0.5,0.4,0.1,0.95,0.5765792431266957
1,0.5,0.4,0.1,0.99,0.576809104575501
1,0.5,0.4,0.1,1.0,0.5761986172958046
1,0.5,0.5,0.0,0.95,0.5653481720150859
1,0.6,0.0,0.4,0.8,0.5963237229571281
1,0.6,0.0,0.4,0.9,0.5991526189870211
1,0.6,0.0,0.4,0.95,0.6027032011843229
1,0.6,0.0,0.4,0.99,0.6121505519871716
1,0.6,0.0,0.4,1.0,0.612365256908689
1,0.6,0.1,0.3,0.8,0.6003051628888758
1,0.6,0.1,0.3,0.9,0.6017794175064348
1,0.6,0.1,0.3,0.95,0.6034683662897466
1,0.6,0.1,0.3,0.99,0.6074761619820026
1,0.6,0.1,0.3,1.0,0.6070807221535632
1,0.6,0.2,0.2,0.8,0.5985721775225141
1,0.6,0.2,0.2,0.9,0.5992193833283872
1,0.6,0.2,0.2,0.95,0.5998597881814625
1,0.6,0.2,0.2,0.99,0.6006198542270209
1,0.6,0.2,0.2,1.0,0.599875264072227
1,0.6,0.3,0.1,0.8,0.5930541003649334
1,0.6,0.3,0.1,0.9,0.5933279611652953
1,0.6,0.3,0.1,0.95,0.5934382383667038
1,0.6,0.3,0.1,0.99,0.5929502617297869
1,0.6,0.3,0.1,1.0,0.5920163270920598
1,0.6,0.4,-0.0,0.95,0.583423357981266
1,0.7,0.0,0.3,0.8,0.6095391300745401
1,0.7,0.0,0.3,0.9,0.610176895628415
1,0.7,0.0,0.3,0.95,0.6115367734434568
1,0.7,0.0,0.3,0.99,0.613900817730679
1,0.7,0.0,0.3,1.0,0.612365256908689
1,0.7,0.1,0.2,0.8,0.6077704744553831
1,0.7,0.1,0.2,0.9,0.6082960309070243
1,0.7,0.1,0.2,0.95,0.6088573287649817
1,0.7,0.1,0.2,0.99,0.6091765871663195
1,0.7,0.1,0.2,1.0,0.6081728409963314
1,0.7,0.2,0.1,0.8,0.6032237255927869
1,0.7,0.2,0.1,0.9,0.6033897648155728
1,0.7,0.2,0.1,0.95,0.6031867704397854
1,0.7,0.2,0.1,0.99,0.6028508091631332
1,0.7,0.2,0.1,1.0,0.6021084198032838
1,0.7,0.3,-0.0,0.95,0.5950305532225291
1,0.8,0.0,0.2,0.8,0.6128952943774051
1,0.8,0.0,0.2,0.9,0.6134076559877786
1,0.8,0.0,0.2,0.95,0.6138838732643406
1,0.8,0.0,0.2,0.99,0.6145604704384855
1,0.8,0.0,0.2,1.0,0.612365256908689
1,0.8,0.1,0.1,0.8,0.6107490162678262
1,0.8,0.1,0.1,0.9,0.6107525482955019
1,0.8,0.1,0.1,0.95,0.610513250731531
1,0.8,0.1,0.1,0.99,0.6096407968725704
1,0.8,0.1,0.1,1.0,0.6089322004708815
1,0.8,0.2,-0.0,0.95,0.6031489291772405
1,0.9,0.0,0.1,0.8,0.6148372030280397
1,0.9,0.0,0.1,0.9,0.6147993981696217
1,0.9,0.0,0.1,0.95,0.6147081073751239
1,0.9,0.0,0.1,0.99,0.6148453327314695
1,0.9,0.0,0.1,1.0,0.612365256908689
1,0.9,0.1,-0.0,0.95,0.6094010806611403
1,1.0,0.0,0.0,0.95,0.612365256908689
2,0.0,0.0,1.0,0.8,0.486690502289422
2,0.0,0.0,1.0,0.9,0.486690502289422
2,0.0,0.0,1.0,0.95,0.486690502289422
2,0.0,0.0,1.0,0.99,0.486690502289422
2,0.0,0.0,1.0,1.0,0.5
2,0.0,0.1,0.9,0.8,0.4841385263159705
2,0.0,0.1,0.9,0.9,0.484283822663218
2,0.0,0.1,0.9,0.95,0.4843206937615606
2,0.0,0.1,0.9,0.99,0.4838294257436166
2,0.0,0.1,0.9,1.0,0.4693203786564673
2,0.0,0.2,0.8,0.8,0.48414498547441565
2,0.0,0.2,0.8,0.9,0.4841254236642536
2,0.0,0.2,0.8,0.95,0.4839489581990775
2,0.0,0.2,0.8,0.99,0.4821649971607477
2,0.0,0.2,0.8,1.0,0.46932035468467376
2,0.0,0.3,0.7,0.8,0.48405401665090697
2,0.0,0.3,0.7,0.9,0.4838521162861456
2,0.0,0.3,0.7,0.95,0.48357402446868747
2,0.0,0.3,0.7,0.99,0.4797717698438011
2,0.0,0.3,0.7,1.0,0.4693083588685287
2,0.0,0.4,0.6,0.8,0.4839353744582623
2,0.0,0.4,0.6,0.9,0.48360975566691544
2,0.0,0.4,0.6,0.95,0.48303194120806864
2,0.0,0.4,0.6,0.99,0.4773179443125647
2,0.0,0.4,0.6,1.0,0.4693071735046676
2,0.0,0.5,0.5,0.8,0.483719128214973
2,0.0,0.5,0.5,0.9,0.4831686002701109
2,0.0,0.5,0.5,0.95,0.48163338626746216
2,0.0,0.5,0.5,0.99,0.47514483096380694
2,0.0,0.5,0.5,1.0,0.469307172678054
2,0.0,0.6,0.4,0.8,0.4818881816346436
2,0.0,0.6,0.4,0.9,0.4809094786058851
2,0.0,0.6,0.4,0.95,0.4789363966486044
2,0.0,0.6,0.4,0.99,0.47318659333303753
2,0.0,0.6,0.4,1.0,0.469307184250644
2,0.0,0.7,0.3,0.8,0.47786672810279157
2,0.0,0.7,0.3,0.9,0.4770452759067471
2,0.0,0.7,0.3,0.95,0.47556954253684
2,0.0,0.7,0.3,0.99,0.47169247525069374
2,0.0,0.7,0.3,1.0,0.4693071743312812
2,0.0,0.8,0.2,0.8,0.4742157305356145
2,0.0,0.8,0.2,0.9,0.4736942894690952
2,0.0,0.8,0.2,0.95,0.4728588162536564
2,0.0,0.8,0.2,0.99,0.4706926952290973
2,0.0,0.8,0.2,1.0,0.46930717433128116
2,0.0,0.9,0.1,0.8,0.47145913794520666
2,0.0,0.9,0.1,0.9,0.47123806923834305
2,0.0,0.9,0.1,0.95,0.47086560873575806
2,0.0,0.9,0.1,0.99,0.46997262801417194
2,0.0,0.9,0.1,1.0,0.46930717929096255
2,0.0,1.0,0.0,0.95,0.4693071743312812
2,0.1,0.0,0.9,0.8,0.5785282471050835
2,0.1,0.0,0.9,0.9,0.5764144589857161
2,0.1,0.0,0.9,0.95,0.5750862968036043
2,0.1,0.0,0.9,0.99,0.5754833209550707
2,0.1,0.0,0.9,1.0,0.6116709305598971
2,0.1,0.1,0.8,0.8,0.5432756581348464
2,0.1,0.1,0.8,0.9,0.5417864360846847
2,0.1,0.1,0.8,0.95,0.5408446355655845
2,0.1,0.1,0.8,0.99,0.5419644762487139
2,0.1,0.1,0.8,1.0,0.5625486900191834
2,0.1,0.2,0.7,0.8,0.5223329990948913
2,0.1,0.2,0.7,0.9,0.5215434765012608
2,0.1,0.2,0.7,0.95,0.5208219412206332
2,0.1,0.2,0.7,0.99,0.5222173500699877
2,0.1,0.2,0.7,1.0,0.5283626904592064
2,0.1,0.3,0.6,0.8,0.513807809302762
2,0.1,0.3,0.6,0.9,0.5132407606590663
2,0.1,0.3,0.6,0.95,0.5127667639050786
2,0.1,0.3,0.6,0.99,0.5126740765519553
2,0.1,0.3,0.6,1.0,0.5146868095090187
2,0.1,0.4,0.5,0.8,0.5091679578921724
2,0.1,0.4,0.5,0.9,0.5087026091693664
2,0.1,0.4,0.5,0.95,0.50853912897678
2,0.1,0.4,0.5,0.99,0.5063300513247673
2,0.1,0.4,0.5,1.0,0.5074755410003968
2,0.1,0.5,0.4,0.8,0.5072319206220842
2,0.1,0.5,0.4,0.9,0.5066941547641477
2,0.1,0.5,0.4,0.95,0.5053591482216666
2,0.1,0.5,0.4,0.99,0.5018149838456563
2,0.1,0.5,0.4,1.0,0.5029848668877716
2,0.1,0.6,0.3,0.8,0.503238015640719
2,0.1,0.6,0.3,0.9,0.5023536374865684
2,0.1,0.6,0.3,0.95,0.500749188811038
2,0.1,0.6,0.3,0.99,0.4980457590458472
2,0.1,0.6,0.3,1.0,0.5000072502276328
2,0.1,0.7,0.2,0.8,0.49794705394592587
2,0.1,0.7,0.2,0.9,0.4974281274378901
2,0.1,0.7,0.2,0.95,0.4963209752730784
2,0.1,0.7,0.2,0.99,0.4961335084078834
2,0.1,0.7,0.2,1.0,0.49792132973159065
2,0.1,0.8,0.1,0.8,0.494294340328975
2,0.1,0.8,0.1,0.9,0.4940757837007543
2,0.1,0.8,0.1,0.95,0.4942779618076755
2,0.1,0.8,0.1,0.99,0.49586876639959987
2,0.1,0.8,0.1,1.0,0.49629121139822086
2,0.1,0.9,0.0,0.95,0.49507086111774423
2,0.2,0.0,0.8,0.8,0.5791144368126336
2,0.2,0.0,0.8,0.9,0.5777595188024498
2,0.2,0.0,0.8,0.95,0.5764761003863328
2,0.2,0.0,0.8,0.99,0.5832088910687976
2,0.2,0.0,0.8,1.0,0.6116709305598971
2,0.2,0.1,0.7,0.8,0.5625283363132201
2,0.2,0.1,0.7,0.9,0.5614066919592785
2,0.2,0.1,0.7,0.95,0.560249096527899
2,0.2,0.1,0.7,0.99,0.5667766729517955
2,0.2,0.1,0.7,1.0,0.5903737510116923
2,0.2,0.2,0.6,0.8,0.543974020957233
2,0.2,0.2,0.6,0.9,0.5431975968822517
2,0.2,0.2,0.6,0.95,0.5423446316970331
2,0.2,0.2,0.6,0.99,0.5487948040261239
2,0.2,0.2,0.6,1.0,0.5625486462086642
2,0.2,0.3,0.5,0.8,0.5308747054527863
2,0.2,0.3,0.5,0.9,0.5306017683975579
2,0.2,0.3,0.5,0.95,0.5308096922954126
2,0.2,0.3,0.5,0.99,0.5359133896453359
2,0.2,0.3,0.5,1.0,0.5416590689857961
2,0.2,0.4,0.4,0.8,0.524378468429214
2,0.2,0.4,0.4,0.9,0.5244395667447145
2,0.2,0.4,0.4,0.95,0.5245006890320085
2,0.2,0.4,0.4,0.99,0.5265806422046803
2,0.2,0.4,0.4,1.0,0.5283618134222072
2,0.2,0.5,0.3,0.8,0.5210300775581755
2,0.2,0.5,0.3,0.9,0.5205089555644947
2,0.2,0.5,0.3,0.95,0.5196193019625328
2,0.2,0.5,0.3,0.99,0.5196349315719366
2,0.2,0.5,0.3,1.0,0.5204375394583989
2,0.2,0.6,0.2,0.8,0.5146706277217492
2,0.2,0.6,0.2,0.9,0.5141735105861756
2,0.2,0.6,0.2,0.95,0.5139728724603373
2,0.2,0.6,0.2,0.99,0.5146326010176341
2,0.2,0.6,0.2,1.0,0.514686523500723
2,0.2,0.7,0.1,0.8,0.5114377767626228
2,0.2,0.7,0.1,0.9,0.5113115363380318
2,0.2,0.7,0.1,0.95,0.51130543675649
2,0.2,0.7,0.1,0.99,0.5111324678667201
2,0.2,0.7,0.1,1.0,0.5106637581331337
2,0.2,0.8,0.0,0.95,0.5074756286214355
2,0.3,0.0,0.7,0.8,0.5794530301305937
2,0.3,0.0,0.7,0.9,0.5788538344851146
2,0.3,0.0,0.7,0.95,0.5778639878788032
2,0.3,0.0,0.7,0.99,0.5897733022200393
2,0.3,0.0,0.7,1.0,0.6116709305598971
2,0.3,0.1,0.6,0.8,0.569028697311899
2,0.3,0.1,0.6,0.9,0.568617334721427
2,0.3,0.1,0.6,0.95,0.5682425481282526
2,0.3,0.1,0.6,0.99,0.5811177529878939
2,0.3,0.1,0.6,1.0,0.5985896815216619
2,0.3,0.2,0.5,0.8,0.5563909619989871
2,0.3,0.2,0.5,0.9,0.5563571419313358
2,0.3,0.2,0.5,0.95,0.5573494129952514
2,0.3,0.2,0.5,0.99,0.5688715845236514
2,0.3,0.2,0.5,1.0,0.5808783780968829
2,0.3,0.3,0.4,0.8,0.5467811998183567
2,0.3,0.3,0.4,0.9,0.5471855386733143
2,0.3,0.3,0.4,0.95,0.5485116202690674
2,0.3,0.3,0.4,0.99,0.5566195809942098
2,0.3,0.3,0.4,1.0,0.562546182900222
2,0.3,0.4,0.3,0.8,0.5414976255690491
2,0.3,0.4,0.3,0.9,0.5417267413590281
2,0.3,0.4,0.3,0.95,0.5425016461182657
2,0.3,0.4,0.3,0.99,0.5459510938048355
2,0.3,0.4,0.3,1.0,0.5473510870530558
2,0.3,0.5,0.2,0.8,0.535492170514641
2,0.3,0.5,0.2,0.9,0.5356255793321214
2,0.3,0.5,0.2,0.95,0.5356834778264877
2,0.3,0.5,0.2,0.99,0.5367908895479607
2,0.3,0.5,0.2,1.0,0.5365596906917822
2,0.3,0.6,0.1,0.8,0.5298262800491392
2,0.3,0.6,0.1,0.9,0.5297175795379151
2,0.3,0.6,0.1,0.95,0.5294411219354873
2,0.3,0.6,0.1,0.99,0.5289886807835953
2,0.3,0.6,0.1,1.0,0.5283613653976518
2,0.3,0.7,-0.0,0.95,0.5224309866942328
2,0.4,0.0,0.6,0.8,0.5799453256292066
2,0.4,0.0,0.6,0.9,0.5797929038729756
2,0.4,0.0,0.6,0.95,0.5814544484010946
2,0.4,0.0,0.6,0.99,0.5978670294860997
2,0.4,0.0,0.6,1.0,0.6116709305598971
2,0.4,0.1,0.5,0.8,0.5726190131768154
2,0.4,0.1,0.5,0.9,0.5735539833879769
2,0.4,0.1,0.5,0.95,0.5760567072450167
2,0.4,0.1,0.5,0.99,0.5923209525246729
2,0.4,0.1,0.5,1.0,0.6025425335666279
2,0.4,0.2,0.4,0.8,0.5682691171416576
2,0.4,0.2,0.4,0.9,0.5691262236608678
2,0.4,0.2,0.4,0.95,0.5721583720182974
2,0.4,0.2,0.4,0.99,0.5837796842719707
2,0.4,0.2,0.4,1.0,0.5903711058482646
2,0.4,0.3,0.3,0.8,0.5638992840137763
2,0.4,0.3,0.3,0.9,0.564468753808622
2,0.4,0.3,0.3,0.95,0.566549219481708
2,0.4,0.3,0.3,0.99,0.5732422765030332
2,0.4,0.3,0.3,1.0,0.5762475086693578
2,0.4,0.4,0.2,0.8,0.5600571692558739
2,0.4,0.4,0.2,0.9,0.5601688232573878
2,0.4,0.4,0.2,0.95,0.5604084130679273
2,0.4,0.4,0.2,0.99,0.5618591926273475
2,0.4,0.4,0.2,1.0,0.5625462936664405
2,0.4,0.5,0.1,0.8,0.5518163419717538
2,0.4,0.5,0.1,0.9,0.5517405663056835
2,0.4,0.5,0.1,0.95,0.5514266903867289
2,0.4,0.5,0.1,0.99,0.5511795974048037
2,0.4,0.5,0.1,1.0,0.5511576532943295
2,0.4,0.6,-0.0,0.95,0.541387804996436
2,0.5,0.0,0.5,0.8,0.5867875103516818
2,0.5,0.0,0.5,0.9,0.5874938409022812
2,0.5,0.0,0.5,0.95,0.5912147757638753
2,0.5,0.0,0.5,0.99,0.6058674403461091
2,0.5,0.0,0.5,1.0,0.6116709305598971
2,0.5,0.1,0.4,0.8,0.5839567556448946
2,0.5,0.1,0.4,0.9,0.5850965168884757
2,0.5,0.1,0.4,0.95,0.5890839321266936
2,0.5,0.1,0.4,0.99,0.6006814164175639
2,0.5,0.1,0.4,1.0,0.6050092865075041
2,0.5,0.2,0.3,0.8,0.5818142699821762
2,0.5,0.2,0.3,0.9,0.5836326760080173
2,0.5,0.2,0.3,0.95,0.5864049106070326
2,0.5,0.2,0.3,0.99,0.5933405621792285
2,0.5,0.2,0.3,1.0,0.5953048026777519
2,0.5,0.3,0.2,0.8,0.5806338509234827
2,0.5,0.3,0.2,0.9,0.5810581607623202
2,0.5,0.3,0.2,0.95,0.5819986097682315
2,0.5,0.3,0.2,0.99,0.5841291946753653
2,0.5,0.3,0.2,1.0,0.5849970074935495
2,0.5,0.4,0.1,0.8,0.5737740560254871
2,0.5,0.4,0.1,0.9,0.5737607855712155
2,0.5,0.4,0.1,0.95,0.5735386604522078
2,0.5,0.4,0.1,0.99,0.5732082431690804
2,0.5,0.4,0.1,1.0,0.5733202327757042
2,0.5,0.5,0.0,0.95,0.5625463358237326
2,0.6,0.0,0.4,0.8,0.5943318859439917
2,0.6,0.0,0.4,0.9,0.5967501629585994
2,0.6,0.0,0.4,0.95,0.599778386554793
2,0.6,0.0,0.4,0.99,0.6103630278498016
2,0.6,0.0,0.4,1.0,0.6116709305598971
2,0.6,0.1,0.3,0.8,0.5987557630671569
2,0.6,0.1,0.3,0.9,0.5997605531936083
2,0.6,0.1,0.3,0.95,0.6015180022548696
2,0.6,0.1,0.3,0.99,0.6054755023479462
2,0.6,0.1,0.3,1.0,0.6059781577944469
2,0.6,0.2,0.2,0.8,0.5966558769348296
2,0.6,0.2,0.2,0.9,0.5969347375029089
2,0.6,0.2,0.2,0.95,0.597342013315885
2,0.6,0.2,0.2,0.99,0.5985187365853016
2,0.6,0.2,0.2,1.0,0.5985870313985527
2,0.6,0.3,0.1,0.8,0.5908759551271832
2,0.6,0.3,0.1,0.9,0.5907782303909571
2,0.6,0.3,0.1,0.95,0.5906980604471425
2,0.6,0.3,0.1,0.99,0.5907286162178012
2,0.6,0.3,0.1,1.0,0.5903710926224475
2,0.6,0.4,-0.0,0.95,0.5806191330688478
2,0.7,0.0,0.3,0.8,0.6081259007194779
2,0.7,0.0,0.3,0.9,0.6085298213079685
2,0.7,0.0,0.3,0.95,0.6095303766930947
2,0.7,0.0,0.3,0.99,0.6120961157825064
2,0.7,0.0,0.3,1.0,0.6116709305598971
2,0.7,0.1,0.2,0.8,0.6064123679840264
2,0.7,0.1,0.2,0.9,0.6065216909352695
2,0.7,0.1,0.2,0.95,0.6069024142671122
2,0.7,0.1,0.2,0.99,0.6072249324309534
2,0.7,0.1,0.2,1.0,0.6069232441024924
2,0.7,0.2,0.1,0.8,0.6018415272340405
2,0.7,0.2,0.1,0.9,0.6015737854451072
2,0.7,0.2,0.1,0.95,0.601254222424783
2,0.7,0.2,0.1,0.99,0.6012434400773605
2,0.7,0.2,0.1,1.0,0.600920949191767
2,0.7,0.3,-0.0,0.95,0.5935754981553623
2,0.8,0.0,0.2,0.8,0.6116224951376936
2,0.8,0.0,0.2,0.9,0.6120424826141673
2,0.8,0.0,0.2,0.95,0.6122447822332837
2,0.8,0.0,0.2,0.99,0.6128451996136209
2,0.8,0.0,0.2,1.0,0.6116709305598971
2,0.8,0.1,0.1,0.8,0.6090556111884858
2,0.8,0.1,0.1,0.9,0.6089059561078775
2,0.8,0.1,0.1,0.95,0.6085724704351737
2,0.8,0.1,0.1,0.99,0.6081398051863587
2,0.8,0.1,0.1,1.0,0.607527932595152
2,0.8,0.2,-0.0,0.95,0.6023199066931827
2,0.9,0.0,0.1,0.8,0.6131525717369974
2,0.9,0.0,0.1,0.9,0.6129698769119489
2,0.9,0.0,0.1,0.95,0.6129209108038328
2,0.9,0.0,0.1,0.99,0.6134506659496511
2,0.9,0.0,0.1,1.0,0.6116709305598971
2,0.9,0.1,-0.0,0.95,0.6082027451968957
2,1.0,0.0,0.0,0.95,0.6116709305598971
3,0.0,0.0,1.0,0.8,0.4849293844547503
3,0.0,0.0,1.0,0.9,0.4849293844547503
3,0.0,0.0,1.0,0.95,0.4849293844547503
3,0.0,0.0,1.0,0.99,0.4849293844547503
3,0.0,0.0,1.0,1.0,0.5
3,0.0,0.1,0.9,0.8,0.48306894158149605
3,0.0,0.1,0.9,0.9,0.4832565861802243
3,0.0,0.1,0.9,0.95,0.4832927810544412
3,0.0,0.1,0.9,0.99,0.4824359893258513
3,0.0,0.1,0.9,1.0,0.47170594869683957
3,0.0,0.2,0.8,0.8,0.4830635405408
3,0.0,0.2,0.8,0.9,0.4830538323306491
3,0.0,0.2,0.8,0.95,0.4828703813165515
3,0.0,0.2,0.8,0.99,0.4808054841136734
3,0.0,0.2,0.8,1.0,0.47170595281223177
3,0.0,0.3,0.7,0.8,0.4829677613724546
3,0.0,0.3,0.7,0.9,0.48272743481536085
3,0.0,0.3,0.7,0.95,0.482336847059017
3,0.0,0.3,0.7,0.99,0.4784725662335703
3,0.0,0.3,0.7,1.0,0.47170594458144743
3,0.0,0.4,0.6,0.8,0.482842958812304
3,0.0,0.4,0.6,0.9,0.48233097110206347
3,0.0,0.4,0.6,0.95,0.4817289015724105
3,0.0,0.4,0.6,0.99,0.47635087250322594
3,0.0,0.4,0.6,1.0,0.47170595857378084
3,0.0,0.5,0.5,0.8,0.4825935438231215
3,0.0,0.5,0.5,0.9,0.4818563198758302
3,0.0,0.5,0.5,0.95,0.48029878056699105
3,0.0,0.5,0.5,0.99,0.4743038393947197
3,0.0,0.5,0.5,1.0,0.47170594046605524
3,0.0,0.6,0.4,0.8,0.48066671062015254
3,0.0,0.6,0.4,0.9,0.4795670794760044
3,0.0,0.6,0.4,0.95,0.4776561604945927
3,0.0,0.6,0.4,0.99,0.4724682304440321
3,0.0,0.6,0.4,1.0,0.47170594951991807
3,0.0,0.7,0.3,0.8,0.47702603798261045
3,0.0,0.7,0.3,0.9,0.4760851589148567
3,0.0,0.7,0.3,0.95,0.47463537621176144
3,0.0,0.7,0.3,0.99,0.471125086606165
3,0.0,0.7,0.3,1.0,0.47170596515840835
3,0.0,0.8,0.2,0.8,0.47350762953132275
3,0.0,0.8,0.2,0.9,0.47298464549317915
3,0.0,0.8,0.2,0.95,0.4721765676618155
3,0.0,0.8,0.2,0.99,0.4701665039443343
3,0.0,0.8,0.2,1.0,0.4717059593968592
3,0.0,0.9,0.1,0.8,0.4709677502246803
3,0.0,0.9,0.1,0.9,0.47070808379357915
3,0.0,0.9,0.1,0.95,0.4703131979216433
3,0.0,0.9,0.1,0.99,0.46941632885785484
3,0.0,0.9,0.1,1.0,0.47170597009687887
3,0.0,1.0,0.0,0.95,0.47170596433532985
3,0.1,0.0,0.9,0.8,0.5806554206178637
3,0.1,0.0,0.9,0.9,0.5785962413408794
3,0.1,0.0,0.9,0.95,0.5774011989444467
3,0.1,0.0,0.9,0.99,0.5773945122552337
3,0.1,0.0,0.9,1.0,0.6148933015685856
3,0.1,0.1,0.8,0.8,0.5467884286872802
3,0.1,0.1,0.8,0.9,0.5451245443522145
3,0.1,0.1,0.8,0.95,0.5441716672701011
3,0.1,0.1,0.8,0.99,0.5453192155715496
3,0.1,0.1,0.8,1.0,0.5680839098966226
3,0.1,0.2,0.7,0.8,0.5259812807370102
3,0.1,0.2,0.7,0.9,0.5251775602828861
3,0.1,0.2,0.7,0.95,0.5243563749274315
3,0.1,0.2,0.7,0.99,0.5259142047829586
3,0.1,0.2,0.7,1.0,0.5340638360769894
3,0.1,0.3,0.6,0.8,0.5171629237292771
3,0.1,0.3,0.6,0.9,0.516548396084419
3,0.1,0.3,0.6,0.95,0.5159395229884153
3,0.1,0.3,0.6,0.99,0.5164563364075252
3,0.1,0.3,0.6,1.0,0.5197165484457984
3,0.1,0.4,0.5,0.8,0.5124759710687206
3,0.1,0.4,0.5,0.9,0.5119528981381058
3,0.1,0.4,0.5,0.95,0.5118247069640349
3,0.1,0.4,0.5,0.99,0.5103365210672794
3,0.1,0.4,0.5,1.0,0.5123620603055117
3,0.1,0.5,0.4,0.8,0.510779613820125
3,0.1,0.5,0.4,0.9,0.5100120923556098
3,0.1,0.5,0.4,0.95,0.5088174483291399
3,0.1,0.5,0.4,0.99,0.5061269489610494
3,0.1,0.5,0.4,1.0,0.5078433226541266
3,0.1,0.6,0.3,0.8,0.506731551926128
3,0.1,0.6,0.3,0.9,0.5058527683648104
3,0.1,0.6,0.3,0.95,0.5043956726098126
3,0.1,0.6,0.3,0.99,0.50232379487872
3,0.1,0.6,0.3,1.0,0.5045153152912487
3,0.1,0.7,0.2,0.8,0.5016994149849847
3,0.1,0.7,0.2,0.9,0.5011429686930313
3,0.1,0.7,0.2,0.95,0.5001297714846678
3,0.1,0.7,0.2,0.99,0.500336492572304
3,0.1,0.7,0.2,1.0,0.5023806432601279
3,0.1,0.8,0.1,0.8,0.498208954985065
3,0.1,0.8,0.1,0.9,0.4979998486161218
3,0.1,0.8,0.1,0.95,0.4984088033677617
3,0.1,0.8,0.1,0.99,0.5000794336536877
3,0.1,0.8,0.1,1.0,0.5007182906740313
3,0.1,0.9,0.0,0.95,0.4993854229704358
3,0.2,0.0,0.8,0.8,0.5813203198399177
3,0.2,0.0,0.8,0.9,0.580037729059498
3,0.2,0.0,0.8,0.95,0.5786475076043353
3,0.2,0.0,0.8,0.99,0.5855912656127958
3,0.2,0.0,0.8,1.0,0.6148933015685856
3,0.2,0.1,0.7,0.8,0.5651792767965025
3,0.2,0.1,0.7,0.9,0.5640314922715428
3,0.2,0.1,0.7,0.95,0.5626890785042483
3,0.2,0.1,0.7,0.99,0.5696127484604034
3,0.2,0.1,0.7,1.0,0.5953767117979942
3,0.2,0.2,0.6,0.8,0.5473632625514906
3,0.2,0.2,0.6,0.9,0.5466283753238788
3,0.2,0.2,0.6,0.95,0.545745168539047
3,0.2,0.2,0.6,0.99,0.5528378650597112
3,0.2,0.2,0.6,1.0,0.5680842366587616
3,0.2,0.3,0.5,0.8,0.5342317770010416
3,0.2,0.3,0.5,0.9,0.5338160845293256
3,0.2,0.3,0.5,0.95,0.5340748702665004
3,0.2,0.3,0.5,0.99,0.5397783445492229
3,0.2,0.3,0.5,1.0,0.5467426482415993
3,0.2,0.4,0.4,0.8,0.528165107835399
3,0.2,0.4,0.4,0.9,0.5281741386519974
3,0.2,0.4,0.4,0.95,0.5283749706134249
3,0.2,0.4,0.4,0.99,0.5311538801286245
3,0.2,0.4,0.4,1.0,0.5340646130630327
3,0.2,0.5,0.3,0.8,0.5250259442965306
3,0.2,0.5,0.3,0.9,0.524473363180912
3,0.2,0.5,0.3,0.95,0.5237436983859756
3,0.2,0.5,0.3,0.99,0.5243137040720813
3,0.2,0.5,0.3,1.0,0.525668473892855
3,0.2,0.6,0.2,0.8,0.5191679765452408
3,0.2,0.6,0.2,0.9,0.5186055769269609
3,0.2,0.6,0.2,0.95,0.5184793644334498
3,0.2,0.6,0.2,0.99,0.5192673854894883
3,0.2,0.6,0.2,1.0,0.5197164718995038
3,0.2,0.7,0.1,0.8,0.5162697741569402
3,0.2,0.7,0.1,0.9,0.5161049428232185
3,0.2,0.7,0.1,0.95,0.5158727170040905
3,0.2,0.7,0.1,0.99,0.5158970579026741
3,0.2,0.7,0.1,1.0,0.5155481195613416
3,0.2,0.8,0.0,0.95,0.5123623796599448
3,0.3,0.0,0.7,0.8,0.5817616750741852
3,0.3,0.0,0.7,0.9,0.5810160870038287
3,0.3,0.0,0.7,0.95,0.5798025862503934
3,0.3,0.0,0.7,0.99,0.5924306078908835
3,0.3,0.0,0.7,1.0,0.6148933015685856
3,0.3,0.1,0.6,0.8,0.5710932616199798
3,0.3,0.1,0.6,0.9,0.570558480398615
3,0.3,0.1,0.6,0.95,0.5701641994893296
3,0.3,0.1,0.6,0.99,0.5836744509205481
3,0.3,0.1,0.6,1.0,0.6028650316688728
3,0.3,0.2,0.5,0.8,0.5597563232832103
3,0.3,0.2,0.5,0.9,0.5595847599909619
3,0.3,0.2,0.5,0.95,0.5606762550047717
3,0.3,0.2,0.5,0.99,0.5728488179619959
3,0.3,0.2,0.5,1.0,0.5867062364697531
3,0.3,0.3,0.4,0.8,0.550378931401843
3,0.3,0.3,0.4,0.9,0.5507236794508586
3,0.3,0.3,0.4,0.95,0.5523091639187521
3,0.3,0.3,0.4,0.99,0.561118169109297
3,0.3,0.3,0.4,1.0,0.5680845609516654
3,0.3,0.4,0.3,0.8,0.5457181797971351
3,0.3,0.4,0.3,0.9,0.5457204226858728
3,0.3,0.4,0.3,0.95,0.5468097628803377
3,0.3,0.4,0.3,0.99,0.550886095049371
3,0.3,0.4,0.3,1.0,0.5529124861737844
3,0.3,0.5,0.2,0.8,0.5395831070519238
3,0.3,0.5,0.2,0.9,0.5398540241421645
3,0.3,0.5,0.2,0.95,0.5401468400572699
3,0.3,0.5,0.2,0.99,0.5417467267516339
3,0.3,0.5,0.2,1.0,0.5418035356252768
3,0.3,0.6,0.1,0.8,0.5348689607029251
3,0.3,0.6,0.1,0.9,0.534732103336003
3,0.3,0.6,0.1,0.95,0.5345389342348131
3,0.3,0.6,0.1,0.99,0.534436466731098
3,0.3,0.6,0.1,1.0,0.5340649966175839
3,0.3,0.7,-0.0,0.95,0.5277295355502218
3,0.4,0.0,0.6,0.8,0.5820935295995031
3,0.4,0.0,0.6,0.9,0.5816835295382495
3,0.4,0.0,0.6,0.95,0.5834198826372787
3,0.4,0.0,0.6,0.99,0.6008397698080735
3,0.4,0.0,0.6,1.0,0.6148933015685856
3,0.4,0.1,0.5,0.8,0.5740265567804717
3,0.4,0.1,0.5,0.9,0.5747560511981719
3,0.4,0.1,0.5,0.95,0.5775032244550418
3,0.4,0.1,0.5,0.99,0.5944125354951135
3,0.4,0.1,0.5,1.0,0.6059996559301676
3,0.4,0.2,0.4,0.8,0.5707795378664469
3,0.4,0.2,0.4,0.9,0.5717136257140265
3,0.4,0.2,0.4,0.95,0.5748863288760777
3,0.4,0.2,0.4,0.99,0.5872434029724249
3,0.4,0.2,0.4,1.0,0.5953767142672296
3,0.4,0.3,0.3,0.8,0.5672448349313646
3,0.4,0.3,0.3,0.9,0.5678747796584047
3,0.4,0.3,0.3,0.95,0.5701199005848333
3,0.4,0.3,0.3,0.99,0.5778174000786358
3,0.4,0.3,0.3,1.0,0.5816600890874748
3,0.4,0.4,0.2,0.8,0.5645058422510686
3,0.4,0.4,0.2,0.9,0.5647184285956386
3,0.4,0.4,0.2,0.95,0.5652732838769754
3,0.4,0.4,0.2,0.99,0.5671888985208636
3,0.4,0.4,0.2,1.0,0.5680844852284491
3,0.4,0.5,0.1,0.8,0.5570433398814874
3,0.4,0.5,0.1,0.9,0.5569435021133748
3,0.4,0.5,0.1,0.95,0.5569262709663202
3,0.4,0.5,0.1,0.99,0.5569505320262955
3,0.4,0.5,0.1,1.0,0.5568129766888599
3,0.4,0.6,-0.0,0.95,0.5464516077066803
3,0.5,0.0,0.5,0.8,0.5883739612888005
3,0.5,0.0,0.5,0.9,0.5889203989469739
3,0.5,0.0,0.5,0.95,0.5932470638376457
3,0.5,0.0,0.5,0.99,0.608355308882826
3,0.5,0.0,0.5,1.0,0.6148933015685856
3,0.5,0.1,0.4,0.8,0.5847009531918272
3,0.5,0.1,0.4,0.9,0.5860410829164623
3,0.5,0.1,0.4,0.95,0.5904621055190209
3,0.5,0.1,0.4,0.99,0.6030339841563229
3,0.5,0.1,0.4,1.0,0.6079221004789166
3,0.5,0.2,0.3,0.8,0.584348264905141
3,0.5,0.2,0.3,0.9,0.5863093192402375
3,0.5,0.2,0.3,0.95,0.5894889905843267
3,0.5,0.2,0.3,0.99,0.5974024782058749
3,0.5,0.2,0.3,1.0,0.6000756698806162
3,0.5,0.3,0.2,0.8,0.585050730250086
3,0.5,0.3,0.2,0.9,0.5856130442682086
3,0.5,0.3,0.2,0.95,0.5863768059104287
3,0.5,0.3,0.2,0.99,0.5891619897525451
3,0.5,0.3,0.2,1.0,0.5905079921418199
3,0.5,0.4,0.1,0.8,0.5781094711077566
3,0.5,0.4,0.1,0.9,0.578125417429373
3,0.5,0.4,0.1,0.95,0.5780692439722825
3,0.5,0.4,0.1,0.99,0.5784012318363072
3,0.5,0.4,0.1,1.0,0.5785170949415659
3,0.5,0.5,0.0,0.95,0.568084511566959
3,0.6,0.0,0.4,0.8,0.5958534873896704
3,0.6,0.0,0.4,0.9,0.5985371247528413
3,0.6,0.0,0.4,0.95,0.602213808718109
3,0.6,0.0,0.4,0.99,0.6135721709634854
3,0.6,0.0,0.4,1.0,0.6148933015685856
3,0.6,0.1,0.3,0.8,0.6002204905314052
3,0.6,0.1,0.3,0.9,0.6014102882720448
3,0.6,0.1,0.3,0.95,0.6033353444486708
3,0.6,0.1,0.3,0.99,0.608617324379783
3,0.6,0.1,0.3,1.0,0.6093117268483703
3,0.6,0.2,0.2,0.8,0.5999867601248965
3,0.6,0.2,0.2,0.9,0.6001792090324549
3,0.6,0.2,0.2,0.95,0.6006605411863519
3,0.6,0.2,0.2,0.99,0.6027332312958606
3,0.6,0.2,0.2,1.0,0.6028650382535004
3,0.6,0.3,0.1,0.8,0.5952796445118967
3,0.6,0.3,0.1,0.9,0.5951195812715542
3,0.6,0.3,0.1,0.95,0.595028603119725
3,0.6,0.3,0.1,0.99,0.595533232508749
3,0.6,0.3,0.1,1.0,0.5953767801135045
3,0.6,0.4,-0.0,0.95,0.5864173696849831
3,0.7,0.0,0.3,0.8,0.6107292111305641
3,0.7,0.0,0.3,0.9,0.6111950957483769
3,0.7,0.0,0.3,0.95,0.6124327011768849
3,0.7,0.0,0.3,0.99,0.6158029670328162
3,0.7,0.0,0.3,1.0,0.6148933015685856
3,0.7,0.1,0.2,0.8,0.6087837121548267
3,0.7,0.1,0.2,0.9,0.6090631406991728
3,0.7,0.1,0.2,0.95,0.6097452825913796
3,0.7,0.1,0.2,0.99,0.6109350531704307
3,0.7,0.1,0.2,1.0,0.6104857116061002
3,0.7,0.2,0.1,0.8,0.6051077516755041
3,0.7,0.2,0.1,0.9,0.6049702267919705
3,0.7,0.2,0.1,0.95,0.6049294687709053
3,0.7,0.2,0.1,0.99,0.6051398838345616
3,0.7,0.2,0.1,1.0,0.6047526089689221
3,0.7,0.3,-0.0,0.95,0.5986303433241726
3,0.8,0.0,0.2,0.8,0.6146206782367472
3,0.8,0.0,0.2,0.9,0.6150685193290892
3,0.8,0.0,0.2,0.95,0.615634552015585
3,0.8,0.0,0.2,0.99,0.6167342177290275
3,0.8,0.0,0.2,1.0,0.6148933015685856
3,0.8,0.1,0.1,0.8,0.6124525612364636
3,0.8,0.1,0.1,0.9,0.6123682919969653
3,0.8,0.1,0.1,0.95,0.6122374562718799
3,0.8,0.1,0.1,0.99,0.611850987200029
3,0.8,0.1,0.1,1.0,0.6113708559175699
3,0.8,0.2,-0.0,0.95,0.6057616611542826
3,0.9,0.0,0.1,0.8,0.6166073080880812
3,0.9,0.0,0.1,0.9,0.6166367026882609
3,0.9,0.0,0.1,0.95,0.6165669928832145
3,0.9,0.0,0.1,0.99,0.617453968544204
3,0.9,0.0,0.1,1.0,0.6148933015685856
3,0.9,0.1,-0.0,0.95,0.6118724506164009
3,1.0,0.0,0.0,0.95,0.6148933015685856
4,0.0,0.0,1.0,0.8,0.4792029937296682
4,0.0,0.0,1.0,0.9,0.4792029937296682
4,0.0,0.0,1.0,0.95,0.4792029937296682
4,0.0,0.0,1.0,0.99,0.4792029937296682
4,0.0,0.0,1.0,1.0,0.5
4,0.0,0.1,0.9,0.8,0.47316117763574306
4,0.0,0.1,0.9,0.9,0.4732934449683561
4,0.0,0.1,0.9,0.95,0.47330778058906553
4,0.0,0.1,0.9,0.99,0.4726792801687151
4,0.0,0.1,0.9,1.0,0.4605133918746181
4,0.0,0.2,0.8,0.8,0.47289315803648063
4,0.0,0.2,0.8,0.9,0.4731203933122672
4,0.0,0.2,0.8,0.95,0.4729691243419142
4,0.0,0.2,0.8,0.99,0.4710207759956416
4,0.0,0.2,0.8,1.0,0.4605019087582472
4,0.0,0.3,0.7,0.8,0.472752913876302
4,0.0,0.3,0.7,0.9,0.47280695376197734
4,0.0,0.3,0.7,0.95,0.47260545016152056
4,0.0,0.3,0.7,0.99,0.46844355598457255
4,0.0,0.3,0.7,1.0,0.46049043796193523
4,0.0,0.4,0.6,0.8,0.47257103038054943
4,0.0,0.4,0.6,0.9,0.47249191588936024
4,0.0,0.4,0.6,0.95,0.4721003630580132
4,0.0,0.4,0.6,0.99,0.4656992537966923
4,0.0,0.4,0.6,1.0,0.46048633045424836
4,0.0,0.5,0.5,0.8,0.4724075571597024
4,0.0,0.5,0.5,0.9,0.4719994864145198
4,0.0,0.5,0.5,0.95,0.47053121545188503
4,0.0,0.5,0.5,0.99,0.46312359925445973
4,0.0,0.5,0.5,1.0,0.4604863222408756
4,0.0,0.6,0.4,0.8,0.47043272972118444
4,0.0,0.6,0.4,0.9,0.46947669724566654
4,0.0,0.6,0.4,0.95,0.4674819244528854
4,0.0,0.6,0.4,0.99,0.46100963810375195
4,0.0,0.6,0.4,1.0,0.46048633291826013
4,0.0,0.7,0.3,0.8,0.4655687268777542
4,0.0,0.7,0.3,0.9,0.4648852609246251
4,0.0,0.7,0.3,0.95,0.46356632878975906
4,0.0,0.7,0.3,0.99,0.45954462949275343
4,0.0,0.7,0.3,1.0,0.4604863214195384
4,0.0,0.8,0.2,0.8,0.46201084248644175
4,0.0,0.8,0.2,0.9,0.4616054493007591
4,0.0,0.8,0.2,0.95,0.4608715729513504
4,0.0,0.8,0.2,0.99,0.45855219288542015
4,0.0,0.8,0.2,1.0,0.46048632716889926
4,0.0,0.9,0.1,0.8,0.4592806369101255
4,0.0,0.9,0.1,0.9,0.45911119338866335
4,0.0,0.9,0.1,0.95,0.45875584756818694
4,0.0,0.9,0.1,0.99,0.45778078306545
4,0.0,0.9,0.1,1.0,0.46048632716889926
4,0.0,1.0,0.0,0.95,0.4604863148488402
4,0.1,0.0,0.9,0.8,0.5773496230183489
4,0.1,0.0,0.9,0.9,0.5751392220880799
4,0.1,0.0,0.9,0.95,0.573952140046494
4,0.1,0.0,0.9,0.99,0.5746200285169614
4,0.1,0.0,0.9,1.0,0.6152936587263086
4,0.1,0.1,0.8,0.8,0.535949784464345
4,0.1,0.1,0.8,0.9,0.5344071619453495
4,0.1,0.1,0.8,0.95,0.5334345466703516
4,0.1,0.1,0.8,0.99,0.534644145673193
4,0.1,0.1,0.8,1.0,0.5579650638804261
4,0.1,0.2,0.7,0.8,0.5135403806099249
4,0.1,0.2,0.7,0.9,0.5129022073005463
4,0.1,0.2,0.7,0.95,0.5121031668734782
4,0.1,0.2,0.7,0.99,0.5135090047048761
4,0.1,0.2,0.7,1.0,0.520850026055118
4,0.1,0.3,0.6,0.8,0.5048016050296961
4,0.1,0.3,0.6,0.9,0.5044784079926393
4,0.1,0.3,0.6,0.95,0.5040131056451502
4,0.1,0.3,0.6,0.99,0.5037902735584678
4,0.1,0.3,0.6,1.0,0.5066190428925255
4,0.1,0.4,0.5,0.8,0.5000428828402006
4,0.1,0.4,0.5,0.9,0.49982078749304926
4,0.1,0.4,0.5,0.95,0.4997024549685579
4,0.1,0.4,0.5,0.99,0.4968657047002484
4,0.1,0.4,0.5,1.0,0.4987764735810723
4,0.1,0.5,0.4,0.8,0.49785982751299684
4,0.1,0.5,0.4,0.9,0.4973767563550101
4,0.1,0.5,0.4,0.95,0.4961050478278162
4,0.1,0.5,0.4,0.99,0.4919996542630043
4,0.1,0.5,0.4,1.0,0.4938857386735176
4,0.1,0.6,0.3,0.8,0.49315454152628346
4,0.1,0.6,0.3,0.9,0.49241272777349815
4,0.1,0.6,0.3,0.95,0.49094922220970355
4,0.1,0.6,0.3,0.99,0.48787982487433584
4,0.1,0.6,0.3,1.0,0.4906869454006325
4,0.1,0.7,0.2,0.8,0.4874983695633854
4,0.1,0.7,0.2,0.9,0.48706859826619375
4,0.1,0.7,0.2,0.95,0.4862247957792516
4,0.1,0.7,0.2,0.99,0.4856398048794386
4,0.1,0.7,0.2,1.0,0.4885044953989967
4,0.1,0.8,0.1,0.8,0.48381332409326716
4,0.1,0.8,0.1,0.9,0.4837384181342491
4,0.1,0.8,0.1,0.95,0.4839927928574461
4,0.1,0.8,0.1,0.99,0.48519103605119335
4,0.1,0.8,0.1,1.0,0.48673588439419047
4,0.1,0.9,0.0,0.95,0.48540971381396447
4,0.2,0.0,0.8,0.8,0.5778270006663805
4,0.2,0.0,0.8,0.9,0.5766637160508535
4,0.2,0.0,0.8,0.95,0.5753162794060345
4,0.2,0.0,0.8,0.99,0.5831196011160436
4,0.2,0.0,0.8,1.0,0.6152936587263086
4,0.2,0.1,0.7,0.8,0.5571604638213778
4,0.2,0.1,0.7,0.9,0.5561386857614135
4,0.2,0.1,0.7,0.95,0.5549734882513848
4,0.2,0.1,0.7,0.99,0.5619628655482256
4,0.2,0.1,0.7,1.0,0.5890447651415316
4,0.2,0.2,0.6,0.8,0.5365410815917167
4,0.2,0.2,0.6,0.9,0.535932927338217
4,0.2,0.2,0.6,0.95,0.5351579997307196
4,0.2,0.2,0.6,0.99,0.5417718008487884
4,0.2,0.2,0.6,1.0,0.557965078664497
4,0.2,0.3,0.5,0.8,0.5224818458016285
4,0.2,0.3,0.5,0.9,0.5224548065573649
4,0.2,0.3,0.5,0.95,0.5227322353963917
4,0.2,0.3,0.5,0.99,0.5273959140796848
4,0.2,0.3,0.5,1.0,0.5350394594078991
4,0.2,0.4,0.4,0.8,0.5153326001332182
4,0.2,0.4,0.4,0.9,0.5156223712074004
4,0.2,0.4,0.4,0.95,0.515944043842484
4,0.2,0.4,0.4,0.99,0.5173288357276771
4,0.2,0.4,0.4,1.0,0.5208510707961254
4,0.2,0.5,0.3,0.8,0.5118162236635165
4,0.2,0.5,0.3,0.9,0.511572189576548
4,0.2,0.5,0.3,0.95,0.5109495411842457
4,0.2,0.5,0.3,0.99,0.5104654482826951
4,0.2,0.5,0.3,1.0,0.5126500625080372
4,0.2,0.6,0.2,0.8,0.5053892619902872
4,0.2,0.6,0.2,0.9,0.5050613176238103
4,0.2,0.6,0.2,0.95,0.504962619988094
4,0.2,0.6,0.2,0.99,0.5050755941082363
4,0.2,0.6,0.2,1.0,0.5066192244080621
4,0.2,0.7,0.1,0.8,0.5017451971432523
4,0.2,0.7,0.1,0.9,0.5017053893897904
4,0.2,0.7,0.1,0.95,0.5017931837732482
4,0.2,0.7,0.1,0.99,0.5017998308557738
4,0.2,0.7,0.1,1.0,0.5020511033881023
4,0.2,0.8,0.0,0.95,0.4987764776877587
4,0.3,0.0,0.7,0.8,0.5782480230789728
4,0.3,0.0,0.7,0.9,0.5777274053090281
4,0.3,0.0,0.7,0.95,0.5770342820722791
4,0.3,0.0,0.7,0.99,0.5908244329886658
4,0.3,0.0,0.7,1.0,0.6152936587263086
4,0.3,0.1,0.6,0.8,0.5652262372852965
4,0.3,0.1,0.6,0.9,0.5649795962738333
4,0.3,0.1,0.6,0.95,0.564842612001279
4,0.3,0.1,0.6,0.99,0.5785358944000496
4,0.3,0.1,0.6,1.0,0.5992340773700628
4,0.3,0.2,0.5,0.8,0.5504750453787199
4,0.3,0.2,0.5,0.9,0.5506591842666158
4,0.3,0.2,0.5,0.95,0.5518963654176561
4,0.3,0.2,0.5,0.99,0.5638087118245476
4,0.3,0.2,0.5,1.0,0.5788709942568222
4,0.3,0.3,0.4,0.8,0.5391654693595236
4,0.3,0.3,0.4,0.9,0.5397936034634518
4,0.3,0.3,0.4,0.95,0.5415332130492567
4,0.3,0.3,0.4,0.99,0.5500351642410726
4,0.3,0.3,0.4,1.0,0.55796257769251
4,0.3,0.4,0.3,0.8,0.5332932971933545
4,0.3,0.4,0.3,0.9,0.5337341335462467
4,0.3,0.4,0.3,0.95,0.5348895727481713
4,0.3,0.4,0.3,0.99,0.5384423393869548
4,0.3,0.4,0.3,1.0,0.5413167060808901
4,0.3,0.5,0.2,0.8,0.5269607704154105
4,0.3,0.5,0.2,0.9,0.5274663577133154
4,0.3,0.5,0.2,0.95,0.5277496788259166
4,0.3,0.5,0.2,0.99,0.5288634819776163
4,0.3,0.5,0.2,1.0,0.5297626738073685
4,0.3,0.6,0.1,0.8,0.5210808464680878
4,0.3,0.6,0.1,0.9,0.5210589783632757
4,0.3,0.6,0.1,0.95,0.5208899939693474
4,0.3,0.6,0.1,0.99,0.5210215196344058
4,0.3,0.6,0.1,1.0,0.5208509106353576
4,0.3,0.7,-0.0,0.95,0.5146893189273579
4,0.4,0.0,0.6,0.8,0.5786365254636993
4,0.4,0.0,0.6,0.9,0.5787755786848365
4,0.4,0.0,0.6,0.95,0.581152524637342
4,0.4,0.0,0.6,0.99,0.5993305877846293
4,0.4,0.0,0.6,1.0,0.6152936587263086
4,0.4,0.1,0.5,0.8,0.5693294994798931
4,0.4,0.1,0.5,0.9,0.5704687944764398
4,0.4,0.1,0.5,0.95,0.5736487799471807
4,0.4,0.1,0.5,0.99,0.591233697958239
4,0.4,0.1,0.5,1.0,0.6039147519854826
4,0.4,0.2,0.4,0.8,0.5625016471918949
4,0.4,0.2,0.4,0.9,0.5638549522915077
4,0.4,0.2,0.4,0.95,0.5673310824136453
4,0.4,0.2,0.4,0.99,0.5799751105567603
4,0.4,0.2,0.4,1.0,0.5890432407395586
4,0.4,0.3,0.3,0.8,0.557142959481481
4,0.4,0.3,0.3,0.9,0.5581268763573133
4,0.4,0.3,0.3,0.95,0.5604739691640683
4,0.4,0.3,0.3,0.99,0.5680381388158415
4,0.4,0.3,0.3,1.0,0.573240091556371
4,0.4,0.4,0.2,0.8,0.5529073954581061
4,0.4,0.4,0.2,0.9,0.5533449251071495
4,0.4,0.4,0.2,0.95,0.5543002709447098
4,0.4,0.4,0.2,0.99,0.5563376982459305
4,0.4,0.4,0.2,1.0,0.5579637062099189
4,0.4,0.5,0.1,0.8,0.5446721086590572
4,0.4,0.5,0.1,0.9,0.5446842759493741
4,0.4,0.5,0.1,0.95,0.5448620042998781
4,0.4,0.5,0.1,0.99,0.5447432487866927
4,0.4,0.5,0.1,1.0,0.5448685117550678
4,0.4,0.6,-0.0,0.95,0.5348479695514372
4,0.5,0.0,0.5,0.8,0.5851042829591262
4,0.5,0.0,0.5,0.9,0.5865499778242222
4,0.5,0.0,0.5,0.95,0.5910992080869735
4,0.5,0.0,0.5,0.99,0.6064311601850858
4,0.5,0.0,0.5,1.0,0.6152936587263086
4,0.5,0.1,0.4,0.8,0.5806719602007031
4,0.5,0.1,0.4,0.9,0.5824665287485884
4,0.5,0.1,0.4,0.95,0.5872814542261282
4,0.5,0.1,0.4,0.99,0.6001697521800082
4,0.5,0.1,0.4,1.0,0.6065115198235762
4,0.5,0.2,0.3,0.8,0.5776394450154418
4,0.5,0.2,0.3,0.9,0.5797903170630604
4,0.5,0.2,0.3,0.95,0.5833354822254107
4,0.5,0.2,0.3,0.99,0.5917214022797654
4,0.5,0.2,0.3,1.0,0.595102029768167
4,0.5,0.3,0.2,0.8,0.5764402112889471
4,0.5,0.3,0.2,0.9,0.5771932978957621
4,0.5,0.3,0.2,0.95,0.5783661691599038
4,0.5,0.3,0.2,0.99,0.5814605491110112
4,0.5,0.3,0.2,1.0,0.583252158380713
4,0.5,0.4,0.1,0.8,0.5689935840352115
4,0.5,0.4,0.1,0.9,0.5691689313289698
4,0.5,0.4,0.1,0.95,0.5690363551735433
4,0.5,0.4,0.1,0.99,0.5694220551555048
4,0.5,0.4,0.1,1.0,0.5700324968333013
4,0.5,0.5,0.0,0.95,0.557963259402444
4,0.6,0.0,0.4,0.8,0.5933224884069722
4,0.6,0.0,0.4,0.9,0.5964916535805189
4,0.6,0.0,0.4,0.95,0.6010960078941419
4,0.6,0.0,0.4,0.99,0.6117071318403818
4,0.6,0.0,0.4,1.0,0.6152936587263086
4,0.6,0.1,0.3,0.8,0.5970281420505306
4,0.6,0.1,0.3,0.9,0.5988954613684376
4,0.6,0.1,0.3,0.95,0.6014108650725597
4,0.6,0.1,0.3,0.99,0.6063928365880706
4,0.6,0.1,0.3,1.0,0.6081129665178445
4,0.6,0.2,0.2,0.8,0.595447071912592
4,0.6,0.2,0.2,0.9,0.5961302586110495
4,0.6,0.2,0.2,0.95,0.5970526893575172
4,0.6,0.2,0.2,0.99,0.5985697378979387
4,0.6,0.2,0.2,1.0,0.5992325398266936
4,0.6,0.3,0.1,0.8,0.5885763852432921
4,0.6,0.3,0.1,0.9,0.588733325547494
4,0.6,0.3,0.1,0.95,0.5888344313440858
4,0.6,0.3,0.1,0.99,0.5891727886244709
4,0.6,0.3,0.1,1.0,0.5890432727717121
4,0.6,0.4,-0.0,0.95,0.5786811889631011
4,0.7,0.0,0.3,0.8,0.6092478197224355
4,0.7,0.0,0.3,0.9,0.6101300501162261
4,0.7,0.0,0.3,0.95,0.6117078595452029
4,0.7,0.0,0.3,0.99,0.6147495490677694
4,0.7,0.0,0.3,1.0,0.6152936587263086
4,0.7,0.1,0.2,0.8,0.606781612478108
4,0.7,0.1,0.2,0.9,0.6072642770741463
4,0.7,0.1,0.2,0.95,0.6078054767347381
4,0.7,0.1,0.2,0.99,0.6089104266920051
4,0.7,0.1,0.2,1.0,0.6096013027499837
4,0.7,0.2,0.1,0.8,0.6017888781590118
4,0.7,0.2,0.1,0.9,0.6017494317939487
4,0.7,0.2,0.1,0.95,0.6017505619540321
4,0.7,0.2,0.1,0.99,0.6020288416984705
4,0.7,0.2,0.1,1.0,0.6018831873896948
4,0.7,0.3,-0.0,0.95,0.592958605606912
4,0.8,0.0,0.2,0.8,0.6135903604612075
4,0.8,0.0,0.2,0.9,0.6138732142329023
4,0.8,0.0,0.2,0.95,0.6145428004075069
4,0.8,0.0,0.2,0.99,0.6160564707877372
4,0.8,0.0,0.2,1.0,0.6152936587263086
4,0.8,0.1,0.1,0.8,0.6104402347069152
4,0.8,0.1,0.1,0.9,0.6103936911665027
4,0.8,0.1,0.1,0.95,0.6103315931408719
4,0.8,0.1,0.1,0.99,0.6104376483158522
4,0.8,0.1,0.1,1.0,0.6103123869901517
4,0.8,0.2,-0.0,0.95,0.6037653885175959
4,0.9,0.0,0.1,0.8,0.6156923941520813
4,0.9,0.0,0.1,0.9,0.6155584225446331
4,0.9,0.0,0.1,0.95,0.6161192833767928
4,0.9,0.0,0.1,0.99,0.6173076286351
4,0.9,0.0,0.1,1.0,0.6152936587263086
4,0.9,0.1,-0.0,0.95,0.6111918043037929
4,1.0,0.0,0.0,0.95,0.6152936587263086
