,auc,auc,rmse,rmse,acc,acc
,mean,std,mean,std,mean,std
model,,,,,,
bkt,0.6632263653554691,0.005197084195698957,0.4744550058862401,0.0006743601172469626,0.6372201919100668,0.002135257675787464
dkt,0.7194479574778023,0.0038259496975893655,0.4574857486656111,0.0006635077858904054,0.6724498792488534,0.0012321747462223141
pfa,0.6627408764557672,0.005821798080852755,0.47420566454117286,0.0008055132494152875,0.6348174396328498,0.0010045052841008777
pfa_sr,0.6640919848268817,0.005097293164535578,0.47390733204403385,0.0006806948779411723,0.6351469132639457,0.0014444207987777992
skill_mean,0.615909209863798,0.004094969726829737,0.48412355585729794,0.0013335493553700607,0.6014721484245309,0.0064441762401040185
ts_fitted,0.6193303320020701,0.004760281565295655,0.4836843773535155,0.0004765713218462625,0.6228116911623535,0.0019508132855282172
ts_paper,0.5854054932850632,0.0061957629147551055,0.5262171053086466,0.002130922500220972,0.5330740500507917,0.006972070383253107
